{
  "app/Providers/AppServiceProvider.php": 1773625505.2214775,
  "app/Providers/FortifyServiceProvider.php": 1773339187.0,
  "app/Models/Order.php": 1773625505.2003038,
  "app/Models/User.php": 1773625505.1997037,
  "app/Http/Middleware/EnsureUserIsAdmin.php": 1773625505.2168756,
  "app/Http/Middleware/HandleInertiaRequests.php": 1773339187.0,
  "app/Http/Middleware/HandleAppearance.php": 1773339187.0,
  "app/Http/Requests/StoreOrderRequest.php": 1773625505.2132137,
  "app/Http/Requests/UpdateOrderRequest.php": 1773625505.2132123,
  "app/Http/Requests/Settings/ProfileDeleteRequest.php": 1773339187.0,
  "app/Http/Requests/Settings/ProfileUpdateRequest.php": 1773339187.0,
  "app/Http/Requests/Settings/TwoFactorAuthenticationRequest.php": 1773339187.0,
  "app/Http/Controllers/Controller.php": 1773339187.0,
  "app/Http/Controllers/PublicOrderController.php": 1773626310.1714191,
  "app/Http/Controllers/Settings/SecurityController.php": 1773339187.0,
  "app/Http/Controllers/Settings/ProfileController.php": 1773339187.0,
  "app/Http/Controllers/Admin/OrderController.php": 1773625505.2214813,
  "app/Actions/Fortify/CreateNewUser.php": 1773339187.0,
  "app/Concerns/ProfileValidationRules.php": 1773339187.0,
  "app/Concerns/OrderValidationRules.php": 1773625505.2012792,
  "bootstrap/app.php": 1773625505.2214549,
  "bootstrap/providers.php": 1773339187.0,
  "bootstrap/cache/services.php": 1773623350.81353,
  "bootstrap/cache/packages.php": 1773623350.8766239,
  "config/fortify.php": 1773625197.169407,
  "config/auth.php": 1773339187.0,
  "config/app.php": 1773339187.0,
  "config/mail.php": 1773339187.0,
  "config/services.php": 1773339187.0,
  "config/database.php": 1773339187.0,
  "config/cache.php": 1773339187.0,
  "config/session.php": 1773339187.0,
  "config/queue.php": 1773339187.0,
  "config/inertia.php": 1773339187.0,
  "config/logging.php": 1773339187.0,
  "config/filesystems.php": 1773339187.0,
  "database/migrations/0001_01_01_000000_create_users_table.php": 1773339187.0,
  "database/migrations/2026_03_16_013806_add_is_admin_to_users_table.php": 1773625505.1996627,
  "database/migrations/0001_01_01_000001_create_cache_table.php": 1773339187.0,
  "database/migrations/0001_01_01_000002_create_jobs_table.php": 1773339187.0,
  "database/migrations/2026_03_16_013806_create_orders_table.php": 1773625505.2003467,
  "database/migrations/2025_08_14_170933_add_two_factor_columns_to_users_table.php": 1773339187.0,
  "database/seeders/DatabaseSeeder.php": 1776230141.189227,
  "database/factories/OrderFactory.php": 1773625505.2012303,
  "database/factories/UserFactory.php": 1773625505.2215035,
  "public/index.php": 1773339187.0,
  "resources/js/app.tsx": 1773339187.0,
  "resources/js/ssr.tsx": 1773339187.0,
  "resources/js/types/navigation.ts": 1773339187.0,
  "resources/js/types/vite-env.d.ts": 1773339187.0,
  "resources/js/types/global.d.ts": 1773339187.0,
  "resources/js/types/ui.ts": 1773339187.0,
  "resources/js/types/index.ts": 1773339187.0,
  "resources/js/types/auth.ts": 1773625505.22153,
  "resources/js/wayfinder/index.ts": 1775042082.4213498,
  "resources/js/components/app-logo.tsx": 1773339187.0,
  "resources/js/components/app-content.tsx": 1773339187.0,
  "resources/js/components/user-info.tsx": 1773339187.0,
  "resources/js/components/text-link.tsx": 1773339187.0,
  "resources/js/components/nav-main.tsx": 1773339187.0,
  "resources/js/components/app-sidebar-header.tsx": 1773339187.0,
  "resources/js/components/nav-footer.tsx": 1773339187.0,
  "resources/js/components/breadcrumbs.tsx": 1773339187.0,
  "resources/js/components/nav-user.tsx": 1773339187.0,
  "resources/js/components/heading.tsx": 1773339187.0,
  "resources/js/components/app-sidebar.tsx": 1773625505.221514,
  "resources/js/components/two-factor-recovery-codes.tsx": 1773339187.0,
  "resources/js/components/delete-user.tsx": 1773339187.0,
  "resources/js/components/input-error.tsx": 1773339187.0,
  "resources/js/components/alert-error.tsx": 1773339187.0,
  "resources/js/components/appearance-tabs.tsx": 1773339187.0,
  "resources/js/components/app-logo-icon.tsx": 1773624168.7076304,
  "resources/js/components/app-header.tsx": 1773339187.0,
  "resources/js/components/user-menu-content.tsx": 1773339187.0,
  "resources/js/components/app-shell.tsx": 1773339187.0,
  "resources/js/components/two-factor-setup-modal.tsx": 1773339187.0,
  "resources/js/components/ui/card.tsx": 1773339187.0,
  "resources/js/components/ui/icon.tsx": 1773339187.0,
  "resources/js/components/ui/input-otp.tsx": 1773339187.0,
  "resources/js/components/ui/sheet.tsx": 1773339187.0,
  "resources/js/components/ui/label.tsx": 1773339187.0,
  "resources/js/components/ui/navigation-menu.tsx": 1773339187.0,
  "resources/js/components/ui/tooltip.tsx": 1773339187.0,
  "resources/js/components/ui/alert.tsx": 1773339187.0,
  "resources/js/components/ui/breadcrumb.tsx": 1773339187.0,
  "resources/js/components/ui/toggle-group.tsx": 1773339187.0,
  "resources/js/components/ui/avatar.tsx": 1773339187.0,
  "resources/js/components/ui/dialog.tsx": 1773339187.0,
  "resources/js/components/ui/badge.tsx": 1773339187.0,
  "resources/js/components/ui/sidebar.tsx": 1773339187.0,
  "resources/js/components/ui/separator.tsx": 1773339187.0,
  "resources/js/components/ui/button.tsx": 1773339187.0,
  "resources/js/components/ui/toggle.tsx": 1773339187.0,
  "resources/js/components/ui/placeholder-pattern.tsx": 1773339187.0,
  "resources/js/components/ui/checkbox.tsx": 1773339187.0,
  "resources/js/components/ui/spinner.tsx": 1773339187.0,
  "resources/js/components/ui/collapsible.tsx": 1773339187.0,
  "resources/js/components/ui/dropdown-menu.tsx": 1773339187.0,
  "resources/js/components/ui/select.tsx": 1773339187.0,
  "resources/js/components/ui/textarea.tsx": 1773625505.221572,
  "resources/js/components/ui/input.tsx": 1773339187.0,
  "resources/js/components/ui/skeleton.tsx": 1773339187.0,
  "resources/js/layouts/auth-layout.tsx": 1773623911.49811,
  "resources/js/layouts/app-layout.tsx": 1773339187.0,
  "resources/js/layouts/settings/layout.tsx": 1773339187.0,
  "resources/js/layouts/app/app-header-layout.tsx": 1773339187.0,
  "resources/js/layouts/app/app-sidebar-layout.tsx": 1773339187.0,
  "resources/js/layouts/auth/auth-card-layout.tsx": 1773625171.7875326,
  "resources/js/layouts/auth/auth-simple-layout.tsx": 1773339187.0,
  "resources/js/layouts/auth/auth-split-layout.tsx": 1773339187.0,
  "resources/js/hooks/use-mobile.tsx": 1773339187.0,
  "resources/js/hooks/use-current-url.ts": 1773339187.0,
  "resources/js/hooks/use-clipboard.ts": 1773339187.0,
  "resources/js/hooks/use-initials.tsx": 1773339187.0,
  "resources/js/hooks/use-mobile-navigation.ts": 1773339187.0,
  "resources/js/hooks/use-two-factor-auth.ts": 1773339187.0,
  "resources/js/hooks/use-appearance.tsx": 1773339187.0,
  "resources/js/actions/App/index.ts": 1775042082.3160806,
  "resources/js/actions/App/Http/index.ts": 1775042082.3162177,
  "resources/js/actions/App/Http/Controllers/PublicOrderController.ts": 1775042082.3422246,
  "resources/js/actions/App/Http/Controllers/index.ts": 1775042082.3163762,
  "resources/js/actions/App/Http/Controllers/Settings/SecurityController.ts": 1775042082.3534992,
  "resources/js/actions/App/Http/Controllers/Settings/ProfileController.ts": 1775042082.351927,
  "resources/js/actions/App/Http/Controllers/Settings/index.ts": 1775042082.3166664,
  "resources/js/actions/App/Http/Controllers/Admin/OrderController.ts": 1775042082.3475423,
  "resources/js/actions/App/Http/Controllers/Admin/index.ts": 1775042082.3165164,
  "resources/js/actions/Inertia/index.ts": 1775042082.3168066,
  "resources/js/actions/Inertia/Controller.ts": 1775042082.3440492,
  "resources/js/actions/Illuminate/index.ts": 1775042082.3169465,
  "resources/js/actions/Illuminate/Routing/RedirectController.ts": 1775042082.3495584,
  "resources/js/actions/Illuminate/Routing/index.ts": 1775042082.3170807,
  "resources/js/actions/Laravel/index.ts": 1775042082.3153799,